id,url,version,title,path
ipc-212,,0.0.1,SBIRT,questionnaire/sbirt.json
1-month-follow-up,,0.0.1,1 month follow up,questionnaire/1-month-follow-up.json
q-financial-wellness-tool,,0.0.1,Financial Wellness Tool,questionnaire/assessments/financial-wellness-tool.json
q-planning-next-steps,,0.0.1,Planning Next Steps,questionnaire/assessments/planning-next-steps.json
1613532,,0.0.1,Mental Wellness Tool,questionnaire/assessments/mw-tool.json
q-common-mental-health-symptoms,,0.0.1,Common Mental Health Symptoms,questionnaire/assessments/common-mental-health-symptoms.json
1613531,,0.0.1,Sociodemographic Survey,questionnaire/assessments/sociodemographic_survey.json
ipc-57,,0.0.1,PHQ-9 (IPC Session 2),questionnaire/ipc-session-2/phq-9-ipc-session-2.json
ipc-205,,0.0.1,GAD-7 (IPC Session 2),questionnaire/ipc-session-2/gad-7-ipc-session-2.json
ipc-58,,0.0.1,IPC Session 2,questionnaire/ipc-session-2/start-ipc-ipc-session-2.json
ipc-56,,0.0.1,Short-Form PCL-5-8 (IPC Session 2),questionnaire/ipc-session-2/sf-pcl-5-ipc-session-2.json
ipc-206,,0.0.1,Mood Rating (IPC Session 2),questionnaire/ipc-session-2/mood-rating-ipc-session-2.json
ipc-61,,0.0.1,PHQ-9 (IPC Session 3),questionnaire/ipc-session-3/phq-9-ipc-session-3.json
ipc-208,,0.0.1,IPC Session 3,questionnaire/ipc-session-3/start-ipc-ipc-session-3.json
ipc-59,,0.0.1,GAD-7 (IPC Session 3),questionnaire/ipc-session-3/gad-7-ipc-session-3.json
ipc-60,,0.0.1,Short-Form PCL-5-8 (IPC Session 3),questionnaire/ipc-session-3/sf-pcl-5-ipc-session-3.json
ipc-207,,0.0.1,Mood Rating (IPC Session 3),questionnaire/ipc-session-3/mood-rating-ipc-session-3.json
ipc-63,,0.0.1,IPC Session 4,questionnaire/ipc-session-4/start-ipc-ipc-session-4.json
ipc-62,,0.0.1,GAD-7 (IPC Session 4),questionnaire/ipc-session-4/gad-7-ipc-session-4.json
ipc-211,,0.0.1,PHQ-9 (IPC Session 4),questionnaire/ipc-session-4/phq-9-ipc-session-4.json
ipc-209,,0.0.1,Mood Rating (IPC Session 4),questionnaire/ipc-session-4/mood-rating-ipc-session-4.json
ipc-210,,0.0.1,Short-Form PCL-5-8 (IPC Session 4),questionnaire/ipc-session-4/sf-pcl-5-ipc-session-4.json
mw-tool-ipc-session-4,,0.0.1,Mental Wellness Tool (IPC Session 4),questionnaire/ipc-session-4/mw-tool-ipc-session-4.json
ipc-104394,,0.0.1,SPI Subform 4,questionnaire/spi/spi-subform-4.json
ipc-104453,,0.0.1,SPI Subform 2,questionnaire/spi/spi-subform-2.json
ipc-104454,,0.0.1,SPI Subform 3,questionnaire/spi/spi-subform-3.json
ipc-104455,,0.0.1,SPI Subform 1,questionnaire/spi/spi-subform-1.json
ipc-221,,0.0.3,Add Family Member Registration,questionnaire/generic/registration_info.json
ipc-69,,0.0.2,eCBIS Remove Family Form,questionnaire/generic/remove_patient.json
ipc-203,,0.0.1,Mood Rating (IPC Session 1),questionnaire/ipc-session-1/mood-rating-ipc-session-1.json
ipc-23451,,0.0.1,Discuss Confidentiality,questionnaire/ipc-session-1/confidential-ipc-session-1.json
ipc-204,,0.0.1,Short-Form PCL-5-8 (IPC Session 1),questionnaire/ipc-session-1/sf-pcl-5-ipc-session-1.json
ipc-55,,0.0.1,IPC Session 1,questionnaire/ipc-session-1/start-ipc-ipc-session-1.json
ipc-202,,0.0.1,GAD-7 (IPC Session 1),questionnaire/ipc-session-1/gad-7-ipc-session-1.json
ipc-54,,0.0.1,PHQ-9 (IPC Session 1),questionnaire/ipc-session-1/phq-9-ipc-session-1.json
